<?xml version="1.0" encoding="UTF-8" ?>  
    <!DOCTYPE tiles-definitions PUBLIC  
           "-//Apache Software Foundation//DTD Tiles Configuration 3.0//EN"  
           "http://tiles.apache.org/dtds/tiles-config_3_0.dtd">
<tiles-definitions>
	<definition name="base.appPage"
		template="/WEB-INF/views/tile/layoutApp.jsp">
		<put-attribute name="title" value="" />
		<put-attribute name="header"
			value="/WEB-INF/views/tile/header.jsp" />
		<put-attribute name="menu"
			value="/WEB-INF/views/tile/menu.jsp" />
		<put-attribute name="body" value="" />
		<put-attribute name="footer"
			value="/WEB-INF/views/tile/footer.jsp" />
	</definition>
	<definition name="base.loginPage"
		template="/WEB-INF/views/tile/layoutLogin.jsp">
		<put-attribute name="title" value="" />
		<put-attribute name="header"
			value="/WEB-INF/views/tile/header.jsp" />
		<put-attribute name="menu"
			value="/WEB-INF/views/tile/menu.jsp" />
		<put-attribute name="body" value="" />
		<put-attribute name="footer"
			value="/WEB-INF/views/tile/footer.jsp" />
	</definition>
	
	<definition name="login" extends="base.loginPage">
		<put-attribute name="title" value="User Login" />
		<put-attribute name="body"
			value="/WEB-INF/views/page/login.jsp" />
	</definition>

	<definition name="hello" extends="base.appPage">
		<put-attribute name="title" value="Hello Page" />
		<put-attribute name="body"
			value="/WEB-INF/views/page/hello.jsp" />
	</definition>
	
	<definition name="home" extends="base.appPage">
		<put-attribute name="title" value="Home Page" />
		<put-attribute name="body"
			value="/WEB-INF/views/page/home.jsp" />
	</definition>

</tiles-definitions>  